ticker,name,market,sector,currency,unit_scale,scope,period_start,period_end,available_at,revision_id,filing_id,source_url,net_income,net_income_parent,core_income_parent,operating_cash_flow,total_assets,equity_parent,current_assets,current_liabilities,long_term_debt,total_debt,cash,revenue,cogs,capex,ebit,interest_expense,equity_issued,audit_opinion
DEMO-A-C00,SYNTHETIC A Consumer 0,A,Consumer,CNY,1000000,consolidated,2023-01-01,2023-12-31,2024-04-20,0,DEMO-A-C00-2023-v0,https://example.invalid/synthetic/DEMO-A-C00/2023,59.5,53.55,40.1625,44.625,1000.0,600.0,400.0,280.0,196.0,280.0,80.0,850.0,663.0,24.7944,80.325,11.2,0,unqualified
DEMO-A-C00,SYNTHETIC A Consumer 0,A,Consumer,CNY,1000000,consolidated,2024-01-01,2024-12-31,2025-04-20,0,DEMO-A-C00-2024-v0,https://example.invalid/synthetic/DEMO-A-C00/2024,67.184,60.4656,45.3492,52.4035,1080.0,648.0,459.0,286.2,181.44,259.2,97.2,884.0,680.68,28.7662,90.6984,10.368,0,unqualified
DEMO-A-C00,SYNTHETIC A Consumer 0,A,Consumer,CNY,1000000,consolidated,2025-01-01,2025-12-31,2026-04-20,0,DEMO-A-C00-2025-v0,https://example.invalid/synthetic/DEMO-A-C00/2025,75.3875,67.8488,50.8866,61.0639,1166.4,699.84,524.88,291.6,163.296,233.28,116.64,919.36,698.7136,32.7002,101.7732,9.3312,0,unqualified
DEMO-A-C01,SYNTHETIC A Consumer 1,A,Consumer,CNY,1000000,consolidated,2023-01-01,2023-12-31,2024-04-20,0,DEMO-A-C01-2023-v0,https://example.invalid/synthetic/DEMO-A-C01/2023,64.97,58.473,44.7903,51.0015,1075.0,645.0,430.0,301.0,210.7,301.0,86.0,890.0,692.42,23.6431,87.7095,12.04,0,unqualified
DEMO-A-C01,SYNTHETIC A Consumer 1,A,Consumer,CNY,1000000,consolidated,2024-01-01,2024-12-31,2025-04-20,0,DEMO-A-C01-2024-v0,https://example.invalid/synthetic/DEMO-A-C01/2024,74.0364,66.6328,51.0407,60.3397,1161.0,696.6,493.425,307.665,195.048,278.64,104.49,937.17,719.7466,26.5338,99.9492,11.1456,0,unqualified
DEMO-A-C01,SYNTHETIC A Consumer 1,A,Consumer,CNY,1000000,consolidated,2025-01-01,2025-12-31,2026-04-20,0,DEMO-A-C01-2025-v0,https://example.invalid/synthetic/DEMO-A-C01/2025,83.8814,75.4933,57.8278,70.8798,1253.88,752.328,564.246,313.47,175.5432,250.776,125.388,986.84,748.0247,34.9351,113.2399,10.031,0,unqualified
DEMO-A-C02,SYNTHETIC A Consumer 2,A,Consumer,CNY,1000000,consolidated,2023-01-01,2023-12-31,2024-04-20,0,DEMO-A-C02-2023-v0,https://example.invalid/synthetic/DEMO-A-C02/2023,70.68,63.612,49.7446,57.9576,1150.0,690.0,460.0,322.0,225.4,322.0,92.0,930.0,721.68,28.5263,95.418,12.88,0,unqualified
DEMO-A-C02,SYNTHETIC A Consumer 2,A,Consumer,CNY,1000000,consolidated,2024-01-01,2024-12-31,2025-04-20,0,DEMO-A-C02-2024-v0,https://example.invalid/synthetic/DEMO-A-C02/2024,81.2932,73.1638,57.2141,69.0992,1242.0,745.2,527.85,329.13,208.656,298.08,111.78,991.38,759.3971,35.153,109.7458,11.9232,0,unqualified
DEMO-A-C02,SYNTHETIC A Consumer 2,A,Consumer,CNY,1000000,consolidated,2025-01-01,2025-12-31,2026-04-20,0,DEMO-A-C02-2025-v0,https://example.invalid/synthetic/DEMO-A-C02/2025,92.9994,83.6994,65.453,81.8395,1341.36,804.816,603.612,335.34,187.7904,268.272,134.136,1056.8111,798.9492,39.9117,125.5492,10.7309,0,unqualified
DEMO-A-C03,SYNTHETIC A Consumer 3,A,Consumer,CNY,1000000,consolidated,2023-01-01,2023-12-31,2024-04-20,0,DEMO-A-C03-2023-v0,https://example.invalid/synthetic/DEMO-A-C03/2023,76.63,68.967,55.0357,65.5187,1225.0,735.0,490.0,343.0,240.1,343.0,98.0,970.0,750.78,28.5908,103.4505,13.72,0,unqualified
DEMO-A-C03,SYNTHETIC A Consumer 3,A,Consumer,CNY,1000000,consolidated,2024-01-01,2024-12-31,2025-04-20,0,DEMO-A-C03-2024-v0,https://example.invalid/synthetic/DEMO-A-C03/2024,88.9636,80.0672,63.8936,78.7327,1323.0,793.8,562.275,350.595,222.264,317.52,119.07,1046.63,799.6253,35.2449,120.1008,12.7008,0,unqualified
DEMO-A-C03,SYNTHETIC A Consumer 3,A,Consumer,CNY,1000000,consolidated,2025-01-01,2025-12-31,2026-04-20,0,DEMO-A-C03-2025-v0,https://example.invalid/synthetic/DEMO-A-C03/2025,102.7676,92.4908,73.8077,94.0323,1428.84,857.304,642.978,357.21,200.0376,285.768,142.884,1129.3138,851.5026,42.94,138.7362,11.4307,0,unqualified
DEMO-A-C04,SYNTHETIC A Consumer 4,A,Consumer,CNY,1000000,consolidated,2023-01-01,2023-12-31,2024-04-20,0,DEMO-A-C04-2023-v0,https://example.invalid/synthetic/DEMO-A-C04/2023,82.82,74.538,60.6739,73.7098,1300.0,780.0,520.0,364.0,254.8,364.0,104.0,1010.0,779.72,35.5323,111.807,14.56,0,unqualified
DEMO-A-C04,SYNTHETIC A Consumer 4,A,Consumer,CNY,1000000,consolidated,2024-01-01,2024-12-31,2025-04-20,0,DEMO-A-C04-2024-v0,https://example.invalid/synthetic/DEMO-A-C04/2024,97.057,87.3513,71.1039,89.2924,1404.0,842.4,596.7,372.06,235.872,336.96,126.36,1102.92,840.425,36.4732,131.0269,13.4784,0,unqualified
DEMO-A-C04,SYNTHETIC A Consumer 4,A,Consumer,CNY,1000000,consolidated,2025-01-01,2025-12-31,2026-04-20,0,DEMO-A-C04-2025-v0,https://example.invalid/synthetic/DEMO-A-C04/2025,113.2125,101.8913,82.9395,107.5519,1516.32,909.792,682.344,379.08,212.2848,303.264,151.632,1204.3886,905.7003,43.4934,152.8369,12.1306,0,unqualified
DEMO-A-C05,SYNTHETIC A Consumer 5,A,Consumer,CNY,1000000,consolidated,2023-01-01,2023-12-31,2024-04-20,0,DEMO-A-C05-2023-v0,https://example.invalid/synthetic/DEMO-A-C05/2023,89.25,80.325,66.6697,82.5563,1375.0,825.0,550.0,385.0,269.5,385.0,110.0,1050.0,808.5,39.4827,120.4875,15.4,0,unqualified
DEMO-A-C05,SYNTHETIC A Consumer 5,A,Consumer,CNY,1000000,consolidated,2024-01-01,2024-12-31,2025-04-20,0,DEMO-A-C05-2024-v0,https://example.invalid/synthetic/DEMO-A-C05/2024,105.5828,95.0245,78.8703,100.8315,1485.0,891.0,631.125,393.525,249.48,356.4,133.65,1160.25,881.79,42.6297,142.5367,14.256,0,unqualified
DEMO-A-C05,SYNTHETIC A Consumer 5,A,Consumer,CNY,1000000,consolidated,2025-01-01,2025-12-31,2026-04-20,0,DEMO-A-C05-2025-v0,https://example.invalid/synthetic/DEMO-A-C05/2025,124.3614,111.9253,92.898,122.496,1603.8,962.28,721.71,400.95,224.532,320.76,160.38,1282.0763,961.5572,48.3809,167.8879,12.8304,0,unqualified
DEMO-A-C06,SYNTHETIC A Consumer 6,A,Consumer,CNY,1000000,consolidated,2023-01-01,2023-12-31,2024-04-20,0,DEMO-A-C06-2023-v0,https://example.invalid/synthetic/DEMO-A-C06/2023,95.92,86.328,73.0335,92.0832,1450.0,870.0,580.0,406.0,284.2,406.0,116.0,1090.0,837.12,41.6062,129.492,16.24,0,unqualified
DEMO-A-C06,SYNTHETIC A Consumer 6,A,Consumer,CNY,1000000,consolidated,2024-01-01,2024-12-31,2025-04-20,0,DEMO-A-C06-2024-v0,https://example.invalid/synthetic/DEMO-A-C06/2024,114.5503,103.0953,87.2186,113.4048,1566.0,939.6,665.55,414.99,263.088,375.84,140.94,1218.62,923.714,50.3169,154.6429,15.0336,0,unqualified
DEMO-A-C06,SYNTHETIC A Consumer 6,A,Consumer,CNY,1000000,consolidated,2025-01-01,2025-12-31,2026-04-20,0,DEMO-A-C06-2025-v0,https://example.invalid/synthetic/DEMO-A-C06/2025,136.2417,122.6175,103.7344,138.9666,1691.28,1014.768,761.076,422.82,236.7792,338.256,169.128,1362.4172,1019.088,48.1381,183.9263,13.5302,0,unqualified
DEMO-A-C07,SYNTHETIC A Consumer 7,A,Consumer,CNY,1000000,consolidated,2023-01-01,2023-12-31,2024-04-20,0,DEMO-A-C07-2023-v0,https://example.invalid/synthetic/DEMO-A-C07/2023,102.83,92.547,79.7755,102.3159,1525.0,915.0,610.0,427.0,298.9,427.0,122.0,1130.0,865.58,41.4274,138.8205,17.08,0,unqualified
DEMO-A-C07,SYNTHETIC A Consumer 7,A,Consumer,CNY,1000000,consolidated,2024-01-01,2024-12-31,2025-04-20,0,DEMO-A-C07-2024-v0,https://example.invalid/synthetic/DEMO-A-C07/2024,123.9689,111.572,96.1751,127.0681,1647.0,988.2,699.975,436.455,276.696,395.28,148.23,1278.03,966.1907,48.3983,167.358,15.8112,0,unqualified
DEMO-A-C07,SYNTHETIC A Consumer 7,A,Consumer,CNY,1000000,consolidated,2025-01-01,2025-12-31,2026-04-20,0,DEMO-A-C07-2025-v0,https://example.invalid/synthetic/DEMO-A-C07/2025,148.8815,133.9934,115.5023,157.07,1778.76,1067.256,800.442,444.69,249.0264,355.752,177.876,1445.4519,1078.3071,58.8182,200.9901,14.2301,0,unqualified
DEMO-A-C08,SYNTHETIC A Consumer 8,A,Consumer,CNY,1000000,consolidated,2023-01-01,2023-12-31,2024-04-20,0,DEMO-A-C08-2023-v0,https://example.invalid/synthetic/DEMO-A-C08/2023,109.98,98.982,86.9062,113.2794,1600.0,960.0,640.0,448.0,313.6,448.0,128.0,1170.0,893.88,40.5924,148.473,17.92,0,unqualified
DEMO-A-C08,SYNTHETIC A Consumer 8,A,Consumer,CNY,1000000,consolidated,2024-01-01,2024-12-31,2025-04-20,0,DEMO-A-C08-2024-v0,https://example.invalid/synthetic/DEMO-A-C08/2024,133.848,120.4632,105.7667,141.8789,1728.0,1036.8,734.4,457.92,290.304,414.72,155.52,1338.48,1009.2139,53.8842,180.6948,16.5888,0,unqualified
DEMO-A-C08,SYNTHETIC A Consumer 8,A,Consumer,CNY,1000000,consolidated,2025-01-01,2025-12-31,2026-04-20,0,DEMO-A-C08-2025-v0,https://example.invalid/synthetic/DEMO-A-C08/2025,162.3094,146.0785,128.2569,176.9173,1866.24,1119.744,839.808,466.56,261.2736,373.248,186.624,1531.2211,1139.2285,61.2147,219.1177,14.9299,0,unqualified
DEMO-A-C09,SYNTHETIC A Consumer 9,A,Consumer,CNY,1000000,consolidated,2023-01-01,2023-12-31,2024-04-20,0,DEMO-A-C09-2023-v0,https://example.invalid/synthetic/DEMO-A-C09/2023,117.37,105.633,94.4359,124.999,1675.0,1005.0,670.0,469.0,328.3,469.0,134.0,1210.0,922.02,48.7688,158.4495,18.76,0,unqualified
DEMO-A-C09,SYNTHETIC A Consumer 9,A,Consumer,CNY,1000000,consolidated,2024-01-01,2024-12-31,2025-04-20,0,DEMO-A-C09-2024-v0,https://example.invalid/synthetic/DEMO-A-C09/2024,144.1969,129.7772,116.0208,157.8956,1809.0,1085.4,768.825,479.385,303.912,434.16,162.81,1399.97,1052.7774,55.3597,194.6658,17.3664,0,unqualified
DEMO-A-C09,SYNTHETIC A Consumer 9,A,Consumer,CNY,1000000,consolidated,2025-01-01,2025-12-31,2026-04-20,0,DEMO-A-C09-2025-v0,https://example.invalid/synthetic/DEMO-A-C09/2025,176.5544,158.899,142.0557,198.6237,1953.72,1172.232,879.174,488.43,273.5208,390.744,195.372,1619.7653,1201.8658,71.62,238.3485,15.6298,0,unqualified
DEMO-A-C10,SYNTHETIC A Consumer 10,A,Consumer,CNY,1000000,consolidated,2023-01-01,2023-12-31,2024-04-20,0,DEMO-A-C10-2023-v0,https://example.invalid/synthetic/DEMO-A-C10/2023,125.0,112.5,102.375,137.5,1750.0,1050.0,700.0,490.0,343.0,490.0,140.0,1250.0,950.0,48.2672,168.75,19.6,0,unqualified
DEMO-A-C10,SYNTHETIC A Consumer 10,A,Consumer,CNY,1000000,consolidated,2024-01-01,2024-12-31,2025-04-20,0,DEMO-A-C10-2024-v0,https://example.invalid/synthetic/DEMO-A-C10/2024,155.025,139.5225,126.9655,175.1783,1890.0,1134.0,803.25,500.85,317.52,453.6,170.1,1462.5,1096.875,57.1937,209.2838,18.144,0,unqualified
DEMO-A-C10,SYNTHETIC A Consumer 10,A,Consumer,CNY,1000000,consolidated,2025-01-01,2025-12-31,2026-04-20,0,DEMO-A-C10-2025-v0,https://example.invalid/synthetic/DEMO-A-C10/2025,191.646,172.4814,156.9581,222.3094,2041.2,1224.72,918.54,510.3,285.768,408.24,204.12,1711.125,1266.2325,74.9736,258.7221,16.3296,0,unqualified
DEMO-A-C11,SYNTHETIC A Consumer 11,A,Consumer,CNY,1000000,consolidated,2023-01-01,2023-12-31,2024-04-20,0,DEMO-A-C11-2023-v0,https://example.invalid/synthetic/DEMO-A-C11/2023,132.87,119.583,110.7339,150.8075,1825.0,1095.0,730.0,511.0,357.7,511.0,146.0,1290.0,977.82,47.7188,179.3745,20.44,0,unqualified
DEMO-A-C11,SYNTHETIC A Consumer 11,A,Consumer,CNY,1000000,consolidated,2024-01-01,2024-12-31,2025-04-20,0,DEMO-A-C11-2024-v0,https://example.invalid/synthetic/DEMO-A-C11/2024,166.3416,149.7075,138.6291,193.788,1971.0,1182.6,837.675,522.315,331.128,473.04,177.39,1526.07,1141.5004,61.7693,224.5612,18.9216,0,unqualified
DEMO-A-C11,SYNTHETIC A Consumer 11,A,Consumer,CNY,1000000,consolidated,2025-01-01,2025-12-31,2026-04-20,0,DEMO-A-C11-2025-v0,https://example.invalid/synthetic/DEMO-A-C11/2025,207.6142,186.8528,173.0257,248.099,2128.68,1277.208,957.906,532.17,298.0152,425.736,212.868,1805.3408,1332.3415,82.5951,280.2792,17.0294,0,unqualified
DEMO-A-C12,SYNTHETIC A Consumer 12,A,Consumer,CNY,1000000,consolidated,2023-01-01,2023-12-31,2024-04-20,0,DEMO-A-C12-2023-v0,https://example.invalid/synthetic/DEMO-A-C12/2023,140.98,126.882,119.5228,164.9466,1900.0,1140.0,760.0,532.0,372.4,532.0,152.0,1330.0,1005.48,57.5748,190.323,21.28,0,unqualified
DEMO-A-C12,SYNTHETIC A Consumer 12,A,Consumer,CNY,1000000,consolidated,2024-01-01,2024-12-31,2025-04-20,0,DEMO-A-C12-2024-v0,https://example.invalid/synthetic/DEMO-A-C12/2024,178.1562,160.3405,151.0408,213.7874,2052.0,1231.2,872.1,543.78,344.736,492.48,184.68,1590.68,1186.6473,68.6787,240.5108,19.6992,0,unqualified
DEMO-A-C12,SYNTHETIC A Consumer 12,A,Consumer,CNY,1000000,consolidated,2025-01-01,2025-12-31,2026-04-20,0,DEMO-A-C12-2025-v0,https://example.invalid/synthetic/DEMO-A-C12/2025,224.4895,202.0405,190.3222,276.1221,2216.16,1329.696,997.272,554.04,310.2624,443.232,221.616,1902.4533,1400.2056,100.4208,303.0608,17.7293,0,unqualified
DEMO-A-C13,SYNTHETIC A Consumer 13,A,Consumer,CNY,1000000,consolidated,2023-01-01,2023-12-31,2024-04-20,0,DEMO-A-C13-2023-v0,https://example.invalid/synthetic/DEMO-A-C13/2023,149.33,134.397,128.7523,179.9427,1975.0,1185.0,790.0,553.0,387.1,553.0,158.0,1370.0,1032.98,58.0784,201.5955,22.12,0,unqualified
DEMO-A-C13,SYNTHETIC A Consumer 13,A,Consumer,CNY,1000000,consolidated,2024-01-01,2024-12-31,2025-04-20,0,DEMO-A-C13-2024-v0,https://example.invalid/synthetic/DEMO-A-C13/2024,190.478,171.4302,164.2301,235.2403,2133.0,1279.8,906.525,565.245,358.344,511.92,191.97,1656.33,1232.3095,68.4536,257.1452,20.4768,0,unqualified
DEMO-A-C13,SYNTHETIC A Consumer 13,A,Consumer,CNY,1000000,consolidated,2025-01-01,2025-12-31,2026-04-20,0,DEMO-A-C13-2025-v0,https://example.invalid/synthetic/DEMO-A-C13/2025,242.3029,218.0726,208.9135,306.5131,2303.64,1382.184,1036.638,575.91,322.5096,460.728,230.364,2002.503,1469.8372,104.5061,327.1089,18.4291,0,unqualified
DEMO-A-I00,SYNTHETIC A Industrials 0,A,Industrials,CNY,1000000,consolidated,2023-01-01,2023-12-31,2024-04-20,0,DEMO-A-I00-2023-v0,https://example.invalid/synthetic/DEMO-A-I00/2023,59.5,53.55,40.1625,44.625,1000.0,600.0,400.0,280.0,196.0,280.0,80.0,850.0,663.0,21.55,80.325,11.2,0,unqualified
DEMO-A-I00,SYNTHETIC A Industrials 0,A,Industrials,CNY,1000000,consolidated,2024-01-01,2024-12-31,2025-04-20,0,DEMO-A-I00-2024-v0,https://example.invalid/synthetic/DEMO-A-I00/2024,67.184,60.4656,45.3492,52.4035,1080.0,648.0,459.0,286.2,181.44,259.2,97.2,884.0,680.68,26.2647,90.6984,10.368,0,unqualified
DEMO-A-I00,SYNTHETIC A Industrials 0,A,Industrials,CNY,1000000,consolidated,2025-01-01,2025-12-31,2026-04-20,0,DEMO-A-I00-2025-v0,https://example.invalid/synthetic/DEMO-A-I00/2025,75.3875,67.8488,50.8866,61.0639,1166.4,699.84,524.88,291.6,163.296,233.28,116.64,919.36,698.7136,26.4964,101.7732,9.3312,0,unqualified
DEMO-A-I01,SYNTHETIC A Industrials 1,A,Industrials,CNY,1000000,consolidated,2023-01-01,2023-12-31,2024-04-20,0,DEMO-A-I01-2023-v0,https://example.invalid/synthetic/DEMO-A-I01/2023,64.97,58.473,44.7903,51.0015,1075.0,645.0,430.0,301.0,210.7,301.0,86.0,890.0,692.42,25.524,87.7095,12.04,0,unqualified
DEMO-A-I01,SYNTHETIC A Industrials 1,A,Industrials,CNY,1000000,consolidated,2024-01-01,2024-12-31,2025-04-20,0,DEMO-A-I01-2024-v0,https://example.invalid/synthetic/DEMO-A-I01/2024,74.0364,66.6328,51.0407,60.3397,1161.0,696.6,493.425,307.665,195.048,278.64,104.49,937.17,719.7466,30.9029,99.9492,11.1456,0,unqualified
DEMO-A-I01,SYNTHETIC A Industrials 1,A,Industrials,CNY,1000000,consolidated,2025-01-01,2025-12-31,2026-04-20,0,DEMO-A-I01-2025-v0,https://example.invalid/synthetic/DEMO-A-I01/2025,83.8814,75.4933,57.8278,70.8798,1253.88,752.328,564.246,313.47,175.5432,250.776,125.388,986.84,748.0247,36.5253,113.2399,10.031,0,unqualified
DEMO-A-I02,SYNTHETIC A Industrials 2,A,Industrials,CNY,1000000,consolidated,2023-01-01,2023-12-31,2024-04-20,0,DEMO-A-I02-2023-v0,https://example.invalid/synthetic/DEMO-A-I02/2023,70.68,63.612,49.7446,57.9576,1150.0,690.0,460.0,322.0,225.4,322.0,92.0,930.0,721.68,30.5068,95.418,12.88,0,unqualified
DEMO-A-I02,SYNTHETIC A Industrials 2,A,Industrials,CNY,1000000,consolidated,2024-01-01,2024-12-31,2025-04-20,0,DEMO-A-I02-2024-v0,https://example.invalid/synthetic/DEMO-A-I02/2024,81.2932,73.1638,57.2141,69.0992,1242.0,745.2,527.85,329.13,208.656,298.08,111.78,991.38,759.3971,28.6932,109.7458,11.9232,0,unqualified
DEMO-A-I02,SYNTHETIC A Industrials 2,A,Industrials,CNY,1000000,consolidated,2025-01-01,2025-12-31,2026-04-20,0,DEMO-A-I02-2025-v0,https://example.invalid/synthetic/DEMO-A-I02/2025,92.9994,83.6994,65.453,81.8395,1341.36,804.816,603.612,335.34,187.7904,268.272,134.136,1056.8111,798.9492,37.3436,125.5492,10.7309,0,unqualified
DEMO-A-I03,SYNTHETIC A Industrials 3,A,Industrials,CNY,1000000,consolidated,2023-01-01,2023-12-31,2024-04-20,0,DEMO-A-I03-2023-v0,https://example.invalid/synthetic/DEMO-A-I03/2023,76.63,68.967,55.0357,65.5187,1225.0,735.0,490.0,343.0,240.1,343.0,98.0,970.0,750.78,29.4609,103.4505,13.72,0,unqualified
DEMO-A-I03,SYNTHETIC A Industrials 3,A,Industrials,CNY,1000000,consolidated,2024-01-01,2024-12-31,2025-04-20,0,DEMO-A-I03-2024-v0,https://example.invalid/synthetic/DEMO-A-I03/2024,88.9636,80.0672,63.8936,78.7327,1323.0,793.8,562.275,350.595,222.264,317.52,119.07,1046.63,799.6253,35.9275,120.1008,12.7008,0,unqualified
DEMO-A-I03,SYNTHETIC A Industrials 3,A,Industrials,CNY,1000000,consolidated,2025-01-01,2025-12-31,2026-04-20,0,DEMO-A-I03-2025-v0,https://example.invalid/synthetic/DEMO-A-I03/2025,102.7676,92.4908,73.8077,94.0323,1428.84,857.304,642.978,357.21,200.0376,285.768,142.884,1129.3138,851.5026,39.7461,138.7362,11.4307,0,unqualified
DEMO-A-I04,SYNTHETIC A Industrials 4,A,Industrials,CNY,1000000,consolidated,2023-01-01,2023-12-31,2024-04-20,0,DEMO-A-I04-2023-v0,https://example.invalid/synthetic/DEMO-A-I04/2023,82.82,74.538,60.6739,73.7098,1300.0,780.0,520.0,364.0,254.8,364.0,104.0,1010.0,779.72,31.3227,111.807,14.56,0,unqualified
DEMO-A-I04,SYNTHETIC A Industrials 4,A,Industrials,CNY,1000000,consolidated,2024-01-01,2024-12-31,2025-04-20,0,DEMO-A-I04-2024-v0,https://example.invalid/synthetic/DEMO-A-I04/2024,97.057,87.3513,71.1039,89.2924,1404.0,842.4,596.7,372.06,235.872,336.96,126.36,1102.92,840.425,40.5914,131.0269,13.4784,0,unqualified
DEMO-A-I04,SYNTHETIC A Industrials 4,A,Industrials,CNY,1000000,consolidated,2025-01-01,2025-12-31,2026-04-20,0,DEMO-A-I04-2025-v0,https://example.invalid/synthetic/DEMO-A-I04/2025,113.2125,101.8913,82.9395,107.5519,1516.32,909.792,682.344,379.08,212.2848,303.264,151.632,1204.3886,905.7003,41.6057,152.8369,12.1306,0,unqualified
DEMO-A-I05,SYNTHETIC A Industrials 5,A,Industrials,CNY,1000000,consolidated,2023-01-01,2023-12-31,2024-04-20,0,DEMO-A-I05-2023-v0,https://example.invalid/synthetic/DEMO-A-I05/2023,89.25,80.325,66.6697,82.5563,1375.0,825.0,550.0,385.0,269.5,385.0,110.0,1050.0,808.5,36.0738,120.4875,15.4,0,unqualified
DEMO-A-I05,SYNTHETIC A Industrials 5,A,Industrials,CNY,1000000,consolidated,2024-01-01,2024-12-31,2025-04-20,0,DEMO-A-I05-2024-v0,https://example.invalid/synthetic/DEMO-A-I05/2024,105.5828,95.0245,78.8703,100.8315,1485.0,891.0,631.125,393.525,249.48,356.4,133.65,1160.25,881.79,37.1443,142.5367,14.256,0,unqualified
DEMO-A-I05,SYNTHETIC A Industrials 5,A,Industrials,CNY,1000000,consolidated,2025-01-01,2025-12-31,2026-04-20,0,DEMO-A-I05-2025-v0,https://example.invalid/synthetic/DEMO-A-I05/2025,124.3614,111.9253,92.898,122.496,1603.8,962.28,721.71,400.95,224.532,320.76,160.38,1282.0763,961.5572,48.2181,167.8879,12.8304,0,unqualified
DEMO-A-I06,SYNTHETIC A Industrials 6,A,Industrials,CNY,1000000,consolidated,2023-01-01,2023-12-31,2024-04-20,0,DEMO-A-I06-2023-v0,https://example.invalid/synthetic/DEMO-A-I06/2023,95.92,86.328,73.0335,92.0832,1450.0,870.0,580.0,406.0,284.2,406.0,116.0,1090.0,837.12,36.767,129.492,16.24,0,unqualified
DEMO-A-I06,SYNTHETIC A Industrials 6,A,Industrials,CNY,1000000,consolidated,2024-01-01,2024-12-31,2025-04-20,0,DEMO-A-I06-2024-v0,https://example.invalid/synthetic/DEMO-A-I06/2024,114.5503,103.0953,87.2186,113.4048,1566.0,939.6,665.55,414.99,263.088,375.84,140.94,1218.62,923.714,47.8658,154.6429,15.0336,0,unqualified
DEMO-A-I06,SYNTHETIC A Industrials 6,A,Industrials,CNY,1000000,consolidated,2025-01-01,2025-12-31,2026-04-20,0,DEMO-A-I06-2025-v0,https://example.invalid/synthetic/DEMO-A-I06/2025,136.2417,122.6175,103.7344,138.9666,1691.28,1014.768,761.076,422.82,236.7792,338.256,169.128,1362.4172,1019.088,50.4193,183.9263,13.5302,0,unqualified
DEMO-A-I07,SYNTHETIC A Industrials 7,A,Industrials,CNY,1000000,consolidated,2023-01-01,2023-12-31,2024-04-20,0,DEMO-A-I07-2023-v0,https://example.invalid/synthetic/DEMO-A-I07/2023,102.83,92.547,79.7755,102.3159,1525.0,915.0,610.0,427.0,298.9,427.0,122.0,1130.0,865.58,39.0332,138.8205,17.08,0,unqualified
DEMO-A-I07,SYNTHETIC A Industrials 7,A,Industrials,CNY,1000000,consolidated,2024-01-01,2024-12-31,2025-04-20,0,DEMO-A-I07-2024-v0,https://example.invalid/synthetic/DEMO-A-I07/2024,123.9689,111.572,96.1751,127.0681,1647.0,988.2,699.975,436.455,276.696,395.28,148.23,1278.03,966.1907,55.6264,167.358,15.8112,0,unqualified
DEMO-A-I07,SYNTHETIC A Industrials 7,A,Industrials,CNY,1000000,consolidated,2025-01-01,2025-12-31,2026-04-20,0,DEMO-A-I07-2025-v0,https://example.invalid/synthetic/DEMO-A-I07/2025,148.8815,133.9934,115.5023,157.07,1778.76,1067.256,800.442,444.69,249.0264,355.752,177.876,1445.4519,1078.3071,61.3419,200.9901,14.2301,0,unqualified
DEMO-A-I08,SYNTHETIC A Industrials 8,A,Industrials,CNY,1000000,consolidated,2023-01-01,2023-12-31,2024-04-20,0,DEMO-A-I08-2023-v0,https://example.invalid/synthetic/DEMO-A-I08/2023,109.98,98.982,86.9062,113.2794,1600.0,960.0,640.0,448.0,313.6,448.0,128.0,1170.0,893.88,49.3474,148.473,17.92,0,unqualified
DEMO-A-I08,SYNTHETIC A Industrials 8,A,Industrials,CNY,1000000,consolidated,2024-01-01,2024-12-31,2025-04-20,0,DEMO-A-I08-2024-v0,https://example.invalid/synthetic/DEMO-A-I08/2024,133.848,120.4632,105.7667,141.8789,1728.0,1036.8,734.4,457.92,290.304,414.72,155.52,1338.48,1009.2139,48.4378,180.6948,16.5888,0,unqualified
DEMO-A-I08,SYNTHETIC A Industrials 8,A,Industrials,CNY,1000000,consolidated,2025-01-01,2025-12-31,2026-04-20,0,DEMO-A-I08-2025-v0,https://example.invalid/synthetic/DEMO-A-I08/2025,162.3094,146.0785,128.2569,176.9173,1866.24,1119.744,839.808,466.56,261.2736,373.248,186.624,1531.2211,1139.2285,59.083,219.1177,14.9299,0,unqualified
DEMO-A-I09,SYNTHETIC A Industrials 9,A,Industrials,CNY,1000000,consolidated,2023-01-01,2023-12-31,2024-04-20,0,DEMO-A-I09-2023-v0,https://example.invalid/synthetic/DEMO-A-I09/2023,117.37,105.633,94.4359,124.999,1675.0,1005.0,670.0,469.0,328.3,469.0,134.0,1210.0,922.02,47.8586,158.4495,18.76,0,unqualified
DEMO-A-I09,SYNTHETIC A Industrials 9,A,Industrials,CNY,1000000,consolidated,2024-01-01,2024-12-31,2025-04-20,0,DEMO-A-I09-2024-v0,https://example.invalid/synthetic/DEMO-A-I09/2024,144.1969,129.7772,116.0208,157.8956,1809.0,1085.4,768.825,479.385,303.912,434.16,162.81,1399.97,1052.7774,53.8716,194.6658,17.3664,0,unqualified
DEMO-A-I09,SYNTHETIC A Industrials 9,A,Industrials,CNY,1000000,consolidated,2025-01-01,2025-12-31,2026-04-20,0,DEMO-A-I09-2025-v0,https://example.invalid/synthetic/DEMO-A-I09/2025,176.5544,158.899,142.0557,198.6237,1953.72,1172.232,879.174,488.43,273.5208,390.744,195.372,1619.7653,1201.8658,68.3493,238.3485,15.6298,0,unqualified
DEMO-A-I10,SYNTHETIC A Industrials 10,A,Industrials,CNY,1000000,consolidated,2023-01-01,2023-12-31,2024-04-20,0,DEMO-A-I10-2023-v0,https://example.invalid/synthetic/DEMO-A-I10/2023,125.0,112.5,102.375,137.5,1750.0,1050.0,700.0,490.0,343.0,490.0,140.0,1250.0,950.0,44.6908,168.75,19.6,0,unqualified
DEMO-A-I10,SYNTHETIC A Industrials 10,A,Industrials,CNY,1000000,consolidated,2024-01-01,2024-12-31,2025-04-20,0,DEMO-A-I10-2024-v0,https://example.invalid/synthetic/DEMO-A-I10/2024,155.025,139.5225,126.9655,175.1783,1890.0,1134.0,803.25,500.85,317.52,453.6,170.1,1462.5,1096.875,60.188,209.2838,18.144,0,unqualified
DEMO-A-I10,SYNTHETIC A Industrials 10,A,Industrials,CNY,1000000,consolidated,2025-01-01,2025-12-31,2026-04-20,0,DEMO-A-I10-2025-v0,https://example.invalid/synthetic/DEMO-A-I10/2025,191.646,172.4814,156.9581,222.3094,2041.2,1224.72,918.54,510.3,285.768,408.24,204.12,1711.125,1266.2325,85.6248,258.7221,16.3296,0,unqualified
DEMO-A-I11,SYNTHETIC A Industrials 11,A,Industrials,CNY,1000000,consolidated,2023-01-01,2023-12-31,2024-04-20,0,DEMO-A-I11-2023-v0,https://example.invalid/synthetic/DEMO-A-I11/2023,132.87,119.583,110.7339,150.8075,1825.0,1095.0,730.0,511.0,357.7,511.0,146.0,1290.0,977.82,50.5137,179.3745,20.44,0,unqualified
DEMO-A-I11,SYNTHETIC A Industrials 11,A,Industrials,CNY,1000000,consolidated,2024-01-01,2024-12-31,2025-04-20,0,DEMO-A-I11-2024-v0,https://example.invalid/synthetic/DEMO-A-I11/2024,166.3416,149.7075,138.6291,193.788,1971.0,1182.6,837.675,522.315,331.128,473.04,177.39,1526.07,1141.5004,62.0975,224.5612,18.9216,0,unqualified
DEMO-A-I11,SYNTHETIC A Industrials 11,A,Industrials,CNY,1000000,consolidated,2025-01-01,2025-12-31,2026-04-20,0,DEMO-A-I11-2025-v0,https://example.invalid/synthetic/DEMO-A-I11/2025,207.6142,186.8528,173.0257,248.099,2128.68,1277.208,957.906,532.17,298.0152,425.736,212.868,1805.3408,1332.3415,90.7802,280.2792,17.0294,0,unqualified
DEMO-A-I12,SYNTHETIC A Industrials 12,A,Industrials,CNY,1000000,consolidated,2023-01-01,2023-12-31,2024-04-20,0,DEMO-A-I12-2023-v0,https://example.invalid/synthetic/DEMO-A-I12/2023,140.98,126.882,119.5228,164.9466,1900.0,1140.0,760.0,532.0,372.4,532.0,152.0,1330.0,1005.48,52.2365,190.323,21.28,0,unqualified
DEMO-A-I12,SYNTHETIC A Industrials 12,A,Industrials,CNY,1000000,consolidated,2024-01-01,2024-12-31,2025-04-20,0,DEMO-A-I12-2024-v0,https://example.invalid/synthetic/DEMO-A-I12/2024,178.1562,160.3405,151.0408,213.7874,2052.0,1231.2,872.1,543.78,344.736,492.48,184.68,1590.68,1186.6473,68.0071,240.5108,19.6992,0,unqualified
DEMO-A-I12,SYNTHETIC A Industrials 12,A,Industrials,CNY,1000000,consolidated,2025-01-01,2025-12-31,2026-04-20,0,DEMO-A-I12-2025-v0,https://example.invalid/synthetic/DEMO-A-I12/2025,224.4895,202.0405,190.3222,276.1221,2216.16,1329.696,997.272,554.04,310.2624,443.232,221.616,1902.4533,1400.2056,93.6002,303.0608,17.7293,0,unqualified
DEMO-A-I13,SYNTHETIC A Industrials 13,A,Industrials,CNY,1000000,consolidated,2023-01-01,2023-12-31,2024-04-20,0,DEMO-A-I13-2023-v0,https://example.invalid/synthetic/DEMO-A-I13/2023,149.33,134.397,128.7523,179.9427,1975.0,1185.0,790.0,553.0,387.1,553.0,158.0,1370.0,1032.98,60.5771,201.5955,22.12,0,unqualified
DEMO-A-I13,SYNTHETIC A Industrials 13,A,Industrials,CNY,1000000,consolidated,2024-01-01,2024-12-31,2025-04-20,0,DEMO-A-I13-2024-v0,https://example.invalid/synthetic/DEMO-A-I13/2024,190.478,171.4302,164.2301,235.2403,2133.0,1279.8,906.525,565.245,358.344,511.92,191.97,1656.33,1232.3095,75.9445,257.1452,20.4768,0,unqualified
DEMO-A-I13,SYNTHETIC A Industrials 13,A,Industrials,CNY,1000000,consolidated,2025-01-01,2025-12-31,2026-04-20,0,DEMO-A-I13-2025-v0,https://example.invalid/synthetic/DEMO-A-I13/2025,242.3029,218.0726,208.9135,306.5131,2303.64,1382.184,1036.638,575.91,322.5096,460.728,230.364,2002.503,1469.8372,101.7459,327.1089,18.4291,0,unqualified
DEMO-HK-C00,SYNTHETIC HK Consumer 0,HK,Consumer,HKD,1000000,consolidated,2023-01-01,2023-12-31,2024-04-20,0,DEMO-HK-C00-2023-v0,https://example.invalid/synthetic/DEMO-HK-C00/2023,59.5,53.55,40.1625,44.625,1000.0,600.0,400.0,280.0,196.0,280.0,80.0,850.0,663.0,21.6247,80.325,11.2,0,unqualified
DEMO-HK-C00,SYNTHETIC HK Consumer 0,HK,Consumer,HKD,1000000,consolidated,2024-01-01,2024-12-31,2025-04-20,0,DEMO-HK-C00-2024-v0,https://example.invalid/synthetic/DEMO-HK-C00/2024,67.184,60.4656,45.3492,52.4035,1080.0,648.0,459.0,286.2,181.44,259.2,97.2,884.0,680.68,28.4422,90.6984,10.368,0,unqualified
DEMO-HK-C00,SYNTHETIC HK Consumer 0,HK,Consumer,HKD,1000000,consolidated,2025-01-01,2025-12-31,2026-04-20,0,DEMO-HK-C00-2025-v0,https://example.invalid/synthetic/DEMO-HK-C00/2025,75.3875,67.8488,50.8866,61.0639,1166.4,699.84,524.88,291.6,163.296,233.28,116.64,919.36,698.7136,30.7174,101.7732,9.3312,0,unqualified
DEMO-HK-C01,SYNTHETIC HK Consumer 1,HK,Consumer,HKD,1000000,consolidated,2023-01-01,2023-12-31,2024-04-20,0,DEMO-HK-C01-2023-v0,https://example.invalid/synthetic/DEMO-HK-C01/2023,64.97,58.473,44.7903,51.0015,1075.0,645.0,430.0,301.0,210.7,301.0,86.0,890.0,692.42,23.8737,87.7095,12.04,0,unqualified
DEMO-HK-C01,SYNTHETIC HK Consumer 1,HK,Consumer,HKD,1000000,consolidated,2024-01-01,2024-12-31,2025-04-20,0,DEMO-HK-C01-2024-v0,https://example.invalid/synthetic/DEMO-HK-C01/2024,74.0364,66.6328,51.0407,60.3397,1161.0,696.6,493.425,307.665,195.048,278.64,104.49,937.17,719.7466,32.276,99.9492,11.1456,0,unqualified
DEMO-HK-C01,SYNTHETIC HK Consumer 1,HK,Consumer,HKD,1000000,consolidated,2025-01-01,2025-12-31,2026-04-20,0,DEMO-HK-C01-2025-v0,https://example.invalid/synthetic/DEMO-HK-C01/2025,83.8814,75.4933,57.8278,70.8798,1253.88,752.328,564.246,313.47,175.5432,250.776,125.388,986.84,748.0247,32.0803,113.2399,10.031,0,unqualified
DEMO-HK-C02,SYNTHETIC HK Consumer 2,HK,Consumer,HKD,1000000,consolidated,2023-01-01,2023-12-31,2024-04-20,0,DEMO-HK-C02-2023-v0,https://example.invalid/synthetic/DEMO-HK-C02/2023,70.68,63.612,49.7446,57.9576,1150.0,690.0,460.0,322.0,225.4,322.0,92.0,930.0,721.68,28.3294,95.418,12.88,0,unqualified
DEMO-HK-C02,SYNTHETIC HK Consumer 2,HK,Consumer,HKD,1000000,consolidated,2024-01-01,2024-12-31,2025-04-20,0,DEMO-HK-C02-2024-v0,https://example.invalid/synthetic/DEMO-HK-C02/2024,81.2932,73.1638,57.2141,69.0992,1242.0,745.2,527.85,329.13,208.656,298.08,111.78,991.38,759.3971,36.4039,109.7458,11.9232,0,unqualified
DEMO-HK-C02,SYNTHETIC HK Consumer 2,HK,Consumer,HKD,1000000,consolidated,2025-01-01,2025-12-31,2026-04-20,0,DEMO-HK-C02-2025-v0,https://example.invalid/synthetic/DEMO-HK-C02/2025,92.9994,83.6994,65.453,81.8395,1341.36,804.816,603.612,335.34,187.7904,268.272,134.136,1056.8111,798.9492,33.9637,125.5492,10.7309,0,unqualified
DEMO-HK-C03,SYNTHETIC HK Consumer 3,HK,Consumer,HKD,1000000,consolidated,2023-01-01,2023-12-31,2024-04-20,0,DEMO-HK-C03-2023-v0,https://example.invalid/synthetic/DEMO-HK-C03/2023,76.63,68.967,55.0357,65.5187,1225.0,735.0,490.0,343.0,240.1,343.0,98.0,970.0,750.78,34.1083,103.4505,13.72,0,unqualified
DEMO-HK-C03,SYNTHETIC HK Consumer 3,HK,Consumer,HKD,1000000,consolidated,2024-01-01,2024-12-31,2025-04-20,0,DEMO-HK-C03-2024-v0,https://example.invalid/synthetic/DEMO-HK-C03/2024,88.9636,80.0672,63.8936,78.7327,1323.0,793.8,562.275,350.595,222.264,317.52,119.07,1046.63,799.6253,38.9452,120.1008,12.7008,0,unqualified
DEMO-HK-C03,SYNTHETIC HK Consumer 3,HK,Consumer,HKD,1000000,consolidated,2025-01-01,2025-12-31,2026-04-20,0,DEMO-HK-C03-2025-v0,https://example.invalid/synthetic/DEMO-HK-C03/2025,102.7676,92.4908,73.8077,94.0323,1428.84,857.304,642.978,357.21,200.0376,285.768,142.884,1129.3138,851.5026,41.9429,138.7362,11.4307,0,unqualified
DEMO-HK-C04,SYNTHETIC HK Consumer 4,HK,Consumer,HKD,1000000,consolidated,2023-01-01,2023-12-31,2024-04-20,0,DEMO-HK-C04-2023-v0,https://example.invalid/synthetic/DEMO-HK-C04/2023,82.82,74.538,60.6739,73.7098,1300.0,780.0,520.0,364.0,254.8,364.0,104.0,1010.0,779.72,30.2484,111.807,14.56,0,unqualified
DEMO-HK-C04,SYNTHETIC HK Consumer 4,HK,Consumer,HKD,1000000,consolidated,2024-01-01,2024-12-31,2025-04-20,0,DEMO-HK-C04-2024-v0,https://example.invalid/synthetic/DEMO-HK-C04/2024,97.057,87.3513,71.1039,89.2924,1404.0,842.4,596.7,372.06,235.872,336.96,126.36,1102.92,840.425,39.9077,131.0269,13.4784,0,unqualified
DEMO-HK-C04,SYNTHETIC HK Consumer 4,HK,Consumer,HKD,1000000,consolidated,2025-01-01,2025-12-31,2026-04-20,0,DEMO-HK-C04-2025-v0,https://example.invalid/synthetic/DEMO-HK-C04/2025,113.2125,101.8913,82.9395,107.5519,1516.32,909.792,682.344,379.08,212.2848,303.264,151.632,1204.3886,905.7003,46.1697,152.8369,12.1306,0,unqualified
DEMO-HK-C05,SYNTHETIC HK Consumer 5,HK,Consumer,HKD,1000000,consolidated,2023-01-01,2023-12-31,2024-04-20,0,DEMO-HK-C05-2023-v0,https://example.invalid/synthetic/DEMO-HK-C05/2023,89.25,80.325,66.6697,82.5563,1375.0,825.0,550.0,385.0,269.5,385.0,110.0,1050.0,808.5,39.3847,120.4875,15.4,0,unqualified
DEMO-HK-C05,SYNTHETIC HK Consumer 5,HK,Consumer,HKD,1000000,consolidated,2024-01-01,2024-12-31,2025-04-20,0,DEMO-HK-C05-2024-v0,https://example.invalid/synthetic/DEMO-HK-C05/2024,105.5828,95.0245,78.8703,100.8315,1485.0,891.0,631.125,393.525,249.48,356.4,133.65,1160.25,881.79,38.9438,142.5367,14.256,0,unqualified
DEMO-HK-C05,SYNTHETIC HK Consumer 5,HK,Consumer,HKD,1000000,consolidated,2025-01-01,2025-12-31,2026-04-20,0,DEMO-HK-C05-2025-v0,https://example.invalid/synthetic/DEMO-HK-C05/2025,124.3614,111.9253,92.898,122.496,1603.8,962.28,721.71,400.95,224.532,320.76,160.38,1282.0763,961.5572,51.1303,167.8879,12.8304,0,unqualified
DEMO-HK-C06,SYNTHETIC HK Consumer 6,HK,Consumer,HKD,1000000,consolidated,2023-01-01,2023-12-31,2024-04-20,0,DEMO-HK-C06-2023-v0,https://example.invalid/synthetic/DEMO-HK-C06/2023,95.92,86.328,73.0335,92.0832,1450.0,870.0,580.0,406.0,284.2,406.0,116.0,1090.0,837.12,36.0644,129.492,16.24,0,unqualified
DEMO-HK-C06,SYNTHETIC HK Consumer 6,HK,Consumer,HKD,1000000,consolidated,2024-01-01,2024-12-31,2025-04-20,0,DEMO-HK-C06-2024-v0,https://example.invalid/synthetic/DEMO-HK-C06/2024,114.5503,103.0953,87.2186,113.4048,1566.0,939.6,665.55,414.99,263.088,375.84,140.94,1218.62,923.714,46.0881,154.6429,15.0336,0,unqualified
DEMO-HK-C06,SYNTHETIC HK Consumer 6,HK,Consumer,HKD,1000000,consolidated,2025-01-01,2025-12-31,2026-04-20,0,DEMO-HK-C06-2025-v0,https://example.invalid/synthetic/DEMO-HK-C06/2025,136.2417,122.6175,103.7344,138.9666,1691.28,1014.768,761.076,422.82,236.7792,338.256,169.128,1362.4172,1019.088,47.7078,183.9263,13.5302,0,unqualified
DEMO-HK-C07,SYNTHETIC HK Consumer 7,HK,Consumer,HKD,1000000,consolidated,2023-01-01,2023-12-31,2024-04-20,0,DEMO-HK-C07-2023-v0,https://example.invalid/synthetic/DEMO-HK-C07/2023,102.83,92.547,79.7755,102.3159,1525.0,915.0,610.0,427.0,298.9,427.0,122.0,1130.0,865.58,41.2604,138.8205,17.08,0,unqualified
DEMO-HK-C07,SYNTHETIC HK Consumer 7,HK,Consumer,HKD,1000000,consolidated,2024-01-01,2024-12-31,2025-04-20,0,DEMO-HK-C07-2024-v0,https://example.invalid/synthetic/DEMO-HK-C07/2024,123.9689,111.572,96.1751,127.0681,1647.0,988.2,699.975,436.455,276.696,395.28,148.23,1278.03,966.1907,44.7521,167.358,15.8112,0,unqualified
DEMO-HK-C07,SYNTHETIC HK Consumer 7,HK,Consumer,HKD,1000000,consolidated,2025-01-01,2025-12-31,2026-04-20,0,DEMO-HK-C07-2025-v0,https://example.invalid/synthetic/DEMO-HK-C07/2025,148.8815,133.9934,115.5023,157.07,1778.76,1067.256,800.442,444.69,249.0264,355.752,177.876,1445.4519,1078.3071,56.6188,200.9901,14.2301,0,unqualified
DEMO-HK-C08,SYNTHETIC HK Consumer 8,HK,Consumer,HKD,1000000,consolidated,2023-01-01,2023-12-31,2024-04-20,0,DEMO-HK-C08-2023-v0,https://example.invalid/synthetic/DEMO-HK-C08/2023,109.98,98.982,86.9062,113.2794,1600.0,960.0,640.0,448.0,313.6,448.0,128.0,1170.0,893.88,39.8909,148.473,17.92,0,unqualified
DEMO-HK-C08,SYNTHETIC HK Consumer 8,HK,Consumer,HKD,1000000,consolidated,2024-01-01,2024-12-31,2025-04-20,0,DEMO-HK-C08-2024-v0,https://example.invalid/synthetic/DEMO-HK-C08/2024,133.848,120.4632,105.7667,141.8789,1728.0,1036.8,734.4,457.92,290.304,414.72,155.52,1338.48,1009.2139,50.0767,180.6948,16.5888,0,unqualified
DEMO-HK-C08,SYNTHETIC HK Consumer 8,HK,Consumer,HKD,1000000,consolidated,2025-01-01,2025-12-31,2026-04-20,0,DEMO-HK-C08-2025-v0,https://example.invalid/synthetic/DEMO-HK-C08/2025,162.3094,146.0785,128.2569,176.9173,1866.24,1119.744,839.808,466.56,261.2736,373.248,186.624,1531.2211,1139.2285,63.0031,219.1177,14.9299,0,unqualified
DEMO-HK-C09,SYNTHETIC HK Consumer 9,HK,Consumer,HKD,1000000,consolidated,2023-01-01,2023-12-31,2024-04-20,0,DEMO-HK-C09-2023-v0,https://example.invalid/synthetic/DEMO-HK-C09/2023,117.37,105.633,94.4359,124.999,1675.0,1005.0,670.0,469.0,328.3,469.0,134.0,1210.0,922.02,46.3057,158.4495,18.76,0,unqualified
DEMO-HK-C09,SYNTHETIC HK Consumer 9,HK,Consumer,HKD,1000000,consolidated,2024-01-01,2024-12-31,2025-04-20,0,DEMO-HK-C09-2024-v0,https://example.invalid/synthetic/DEMO-HK-C09/2024,144.1969,129.7772,116.0208,157.8956,1809.0,1085.4,768.825,479.385,303.912,434.16,162.81,1399.97,1052.7774,57.5084,194.6658,17.3664,0,unqualified
DEMO-HK-C09,SYNTHETIC HK Consumer 9,HK,Consumer,HKD,1000000,consolidated,2025-01-01,2025-12-31,2026-04-20,0,DEMO-HK-C09-2025-v0,https://example.invalid/synthetic/DEMO-HK-C09/2025,176.5544,158.899,142.0557,198.6237,1953.72,1172.232,879.174,488.43,273.5208,390.744,195.372,1619.7653,1201.8658,68.8167,238.3485,15.6298,0,unqualified
DEMO-HK-C10,SYNTHETIC HK Consumer 10,HK,Consumer,HKD,1000000,consolidated,2023-01-01,2023-12-31,2024-04-20,0,DEMO-HK-C10-2023-v0,https://example.invalid/synthetic/DEMO-HK-C10/2023,125.0,112.5,102.375,137.5,1750.0,1050.0,700.0,490.0,343.0,490.0,140.0,1250.0,950.0,54.894,168.75,19.6,0,unqualified
DEMO-HK-C10,SYNTHETIC HK Consumer 10,HK,Consumer,HKD,1000000,consolidated,2024-01-01,2024-12-31,2025-04-20,0,DEMO-HK-C10-2024-v0,https://example.invalid/synthetic/DEMO-HK-C10/2024,155.025,139.5225,126.9655,175.1783,1890.0,1134.0,803.25,500.85,317.52,453.6,170.1,1462.5,1096.875,65.1798,209.2838,18.144,0,unqualified
DEMO-HK-C10,SYNTHETIC HK Consumer 10,HK,Consumer,HKD,1000000,consolidated,2025-01-01,2025-12-31,2026-04-20,0,DEMO-HK-C10-2025-v0,https://example.invalid/synthetic/DEMO-HK-C10/2025,191.646,172.4814,156.9581,222.3094,2041.2,1224.72,918.54,510.3,285.768,408.24,204.12,1711.125,1266.2325,75.7756,258.7221,16.3296,0,unqualified
DEMO-HK-C11,SYNTHETIC HK Consumer 11,HK,Consumer,HKD,1000000,consolidated,2023-01-01,2023-12-31,2024-04-20,0,DEMO-HK-C11-2023-v0,https://example.invalid/synthetic/DEMO-HK-C11/2023,132.87,119.583,110.7339,150.8075,1825.0,1095.0,730.0,511.0,357.7,511.0,146.0,1290.0,977.82,53.7049,179.3745,20.44,0,unqualified
DEMO-HK-C11,SYNTHETIC HK Consumer 11,HK,Consumer,HKD,1000000,consolidated,2024-01-01,2024-12-31,2025-04-20,0,DEMO-HK-C11-2024-v0,https://example.invalid/synthetic/DEMO-HK-C11/2024,166.3416,149.7075,138.6291,193.788,1971.0,1182.6,837.675,522.315,331.128,473.04,177.39,1526.07,1141.5004,59.954,224.5612,18.9216,0,unqualified
DEMO-HK-C11,SYNTHETIC HK Consumer 11,HK,Consumer,HKD,1000000,consolidated,2025-01-01,2025-12-31,2026-04-20,0,DEMO-HK-C11-2025-v0,https://example.invalid/synthetic/DEMO-HK-C11/2025,207.6142,186.8528,173.0257,248.099,2128.68,1277.208,957.906,532.17,298.0152,425.736,212.868,1805.3408,1332.3415,86.5374,280.2792,17.0294,0,unqualified
DEMO-HK-C12,SYNTHETIC HK Consumer 12,HK,Consumer,HKD,1000000,consolidated,2023-01-01,2023-12-31,2024-04-20,0,DEMO-HK-C12-2023-v0,https://example.invalid/synthetic/DEMO-HK-C12/2023,140.98,126.882,119.5228,164.9466,1900.0,1140.0,760.0,532.0,372.4,532.0,152.0,1330.0,1005.48,63.1962,190.323,21.28,0,unqualified
DEMO-HK-C12,SYNTHETIC HK Consumer 12,HK,Consumer,HKD,1000000,consolidated,2024-01-01,2024-12-31,2025-04-20,0,DEMO-HK-C12-2024-v0,https://example.invalid/synthetic/DEMO-HK-C12/2024,178.1562,160.3405,151.0408,213.7874,2052.0,1231.2,872.1,543.78,344.736,492.48,184.68,1590.68,1186.6473,79.6571,240.5108,19.6992,0,unqualified
DEMO-HK-C12,SYNTHETIC HK Consumer 12,HK,Consumer,HKD,1000000,consolidated,2025-01-01,2025-12-31,2026-04-20,0,DEMO-HK-C12-2025-v0,https://example.invalid/synthetic/DEMO-HK-C12/2025,224.4895,202.0405,190.3222,276.1221,2216.16,1329.696,997.272,554.04,310.2624,443.232,221.616,1902.4533,1400.2056,99.1802,303.0608,17.7293,0,unqualified
DEMO-HK-C13,SYNTHETIC HK Consumer 13,HK,Consumer,HKD,1000000,consolidated,2023-01-01,2023-12-31,2024-04-20,0,DEMO-HK-C13-2023-v0,https://example.invalid/synthetic/DEMO-HK-C13/2023,149.33,134.397,128.7523,179.9427,1975.0,1185.0,790.0,553.0,387.1,553.0,158.0,1370.0,1032.98,61.4445,201.5955,22.12,0,unqualified
DEMO-HK-C13,SYNTHETIC HK Consumer 13,HK,Consumer,HKD,1000000,consolidated,2024-01-01,2024-12-31,2025-04-20,0,DEMO-HK-C13-2024-v0,https://example.invalid/synthetic/DEMO-HK-C13/2024,190.478,171.4302,164.2301,235.2403,2133.0,1279.8,906.525,565.245,358.344,511.92,191.97,1656.33,1232.3095,77.3306,257.1452,20.4768,0,unqualified
DEMO-HK-C13,SYNTHETIC HK Consumer 13,HK,Consumer,HKD,1000000,consolidated,2025-01-01,2025-12-31,2026-04-20,0,DEMO-HK-C13-2025-v0,https://example.invalid/synthetic/DEMO-HK-C13/2025,242.3029,218.0726,208.9135,306.5131,2303.64,1382.184,1036.638,575.91,322.5096,460.728,230.364,2002.503,1469.8372,95.407,327.1089,18.4291,0,unqualified
DEMO-HK-I00,SYNTHETIC HK Industrials 0,HK,Industrials,HKD,1000000,consolidated,2023-01-01,2023-12-31,2024-04-20,0,DEMO-HK-I00-2023-v0,https://example.invalid/synthetic/DEMO-HK-I00/2023,59.5,53.55,40.1625,44.625,1000.0,600.0,400.0,280.0,196.0,280.0,80.0,850.0,663.0,24.6587,80.325,11.2,0,unqualified
DEMO-HK-I00,SYNTHETIC HK Industrials 0,HK,Industrials,HKD,1000000,consolidated,2024-01-01,2024-12-31,2025-04-20,0,DEMO-HK-I00-2024-v0,https://example.invalid/synthetic/DEMO-HK-I00/2024,67.184,60.4656,45.3492,52.4035,1080.0,648.0,459.0,286.2,181.44,259.2,97.2,884.0,680.68,24.8168,90.6984,10.368,0,unqualified
DEMO-HK-I00,SYNTHETIC HK Industrials 0,HK,Industrials,HKD,1000000,consolidated,2025-01-01,2025-12-31,2026-04-20,0,DEMO-HK-I00-2025-v0,https://example.invalid/synthetic/DEMO-HK-I00/2025,75.3875,67.8488,50.8866,61.0639,1166.4,699.84,524.88,291.6,163.296,233.28,116.64,919.36,698.7136,30.2728,101.7732,9.3312,0,unqualified
DEMO-HK-I01,SYNTHETIC HK Industrials 1,HK,Industrials,HKD,1000000,consolidated,2023-01-01,2023-12-31,2024-04-20,0,DEMO-HK-I01-2023-v0,https://example.invalid/synthetic/DEMO-HK-I01/2023,64.97,58.473,44.7903,51.0015,1075.0,645.0,430.0,301.0,210.7,301.0,86.0,890.0,692.42,26.6188,87.7095,12.04,0,unqualified
DEMO-HK-I01,SYNTHETIC HK Industrials 1,HK,Industrials,HKD,1000000,consolidated,2024-01-01,2024-12-31,2025-04-20,0,DEMO-HK-I01-2024-v0,https://example.invalid/synthetic/DEMO-HK-I01/2024,74.0364,66.6328,51.0407,60.3397,1161.0,696.6,493.425,307.665,195.048,278.64,104.49,937.17,719.7466,31.0973,99.9492,11.1456,0,unqualified
DEMO-HK-I01,SYNTHETIC HK Industrials 1,HK,Industrials,HKD,1000000,consolidated,2025-01-01,2025-12-31,2026-04-20,0,DEMO-HK-I01-2025-v0,https://example.invalid/synthetic/DEMO-HK-I01/2025,83.8814,75.4933,57.8278,70.8798,1253.88,752.328,564.246,313.47,175.5432,250.776,125.388,986.84,748.0247,31.2774,113.2399,10.031,0,unqualified
DEMO-HK-I02,SYNTHETIC HK Industrials 2,HK,Industrials,HKD,1000000,consolidated,2023-01-01,2023-12-31,2024-04-20,0,DEMO-HK-I02-2023-v0,https://example.invalid/synthetic/DEMO-HK-I02/2023,70.68,63.612,49.7446,57.9576,1150.0,690.0,460.0,322.0,225.4,322.0,92.0,930.0,721.68,28.6991,95.418,12.88,0,unqualified
DEMO-HK-I02,SYNTHETIC HK Industrials 2,HK,Industrials,HKD,1000000,consolidated,2024-01-01,2024-12-31,2025-04-20,0,DEMO-HK-I02-2024-v0,https://example.invalid/synthetic/DEMO-HK-I02/2024,81.2932,73.1638,57.2141,69.0992,1242.0,745.2,527.85,329.13,208.656,298.08,111.78,991.38,759.3971,32.6612,109.7458,11.9232,0,unqualified
DEMO-HK-I02,SYNTHETIC HK Industrials 2,HK,Industrials,HKD,1000000,consolidated,2025-01-01,2025-12-31,2026-04-20,0,DEMO-HK-I02-2025-v0,https://example.invalid/synthetic/DEMO-HK-I02/2025,92.9994,83.6994,65.453,81.8395,1341.36,804.816,603.612,335.34,187.7904,268.272,134.136,1056.8111,798.9492,35.0413,125.5492,10.7309,0,unqualified
DEMO-HK-I03,SYNTHETIC HK Industrials 3,HK,Industrials,HKD,1000000,consolidated,2023-01-01,2023-12-31,2024-04-20,0,DEMO-HK-I03-2023-v0,https://example.invalid/synthetic/DEMO-HK-I03/2023,76.63,68.967,55.0357,65.5187,1225.0,735.0,490.0,343.0,240.1,343.0,98.0,970.0,750.78,33.6479,103.4505,13.72,0,unqualified
DEMO-HK-I03,SYNTHETIC HK Industrials 3,HK,Industrials,HKD,1000000,consolidated,2024-01-01,2024-12-31,2025-04-20,0,DEMO-HK-I03-2024-v0,https://example.invalid/synthetic/DEMO-HK-I03/2024,88.9636,80.0672,63.8936,78.7327,1323.0,793.8,562.275,350.595,222.264,317.52,119.07,1046.63,799.6253,37.1311,120.1008,12.7008,0,unqualified
DEMO-HK-I03,SYNTHETIC HK Industrials 3,HK,Industrials,HKD,1000000,consolidated,2025-01-01,2025-12-31,2026-04-20,0,DEMO-HK-I03-2025-v0,https://example.invalid/synthetic/DEMO-HK-I03/2025,102.7676,92.4908,73.8077,94.0323,1428.84,857.304,642.978,357.21,200.0376,285.768,142.884,1129.3138,851.5026,37.7618,138.7362,11.4307,0,unqualified
DEMO-HK-I04,SYNTHETIC HK Industrials 4,HK,Industrials,HKD,1000000,consolidated,2023-01-01,2023-12-31,2024-04-20,0,DEMO-HK-I04-2023-v0,https://example.invalid/synthetic/DEMO-HK-I04/2023,82.82,74.538,60.6739,73.7098,1300.0,780.0,520.0,364.0,254.8,364.0,104.0,1010.0,779.72,29.7178,111.807,14.56,0,unqualified
DEMO-HK-I04,SYNTHETIC HK Industrials 4,HK,Industrials,HKD,1000000,consolidated,2024-01-01,2024-12-31,2025-04-20,0,DEMO-HK-I04-2024-v0,https://example.invalid/synthetic/DEMO-HK-I04/2024,97.057,87.3513,71.1039,89.2924,1404.0,842.4,596.7,372.06,235.872,336.96,126.36,1102.92,840.425,35.2192,131.0269,13.4784,0,unqualified
DEMO-HK-I04,SYNTHETIC HK Industrials 4,HK,Industrials,HKD,1000000,consolidated,2025-01-01,2025-12-31,2026-04-20,0,DEMO-HK-I04-2025-v0,https://example.invalid/synthetic/DEMO-HK-I04/2025,113.2125,101.8913,82.9395,107.5519,1516.32,909.792,682.344,379.08,212.2848,303.264,151.632,1204.3886,905.7003,43.8557,152.8369,12.1306,0,unqualified
DEMO-HK-I05,SYNTHETIC HK Industrials 5,HK,Industrials,HKD,1000000,consolidated,2023-01-01,2023-12-31,2024-04-20,0,DEMO-HK-I05-2023-v0,https://example.invalid/synthetic/DEMO-HK-I05/2023,89.25,80.325,66.6697,82.5563,1375.0,825.0,550.0,385.0,269.5,385.0,110.0,1050.0,808.5,36.6102,120.4875,15.4,0,unqualified
DEMO-HK-I05,SYNTHETIC HK Industrials 5,HK,Industrials,HKD,1000000,consolidated,2024-01-01,2024-12-31,2025-04-20,0,DEMO-HK-I05-2024-v0,https://example.invalid/synthetic/DEMO-HK-I05/2024,105.5828,95.0245,78.8703,100.8315,1485.0,891.0,631.125,393.525,249.48,356.4,133.65,1160.25,881.79,43.5908,142.5367,14.256,0,unqualified
DEMO-HK-I05,SYNTHETIC HK Industrials 5,HK,Industrials,HKD,1000000,consolidated,2025-01-01,2025-12-31,2026-04-20,0,DEMO-HK-I05-2025-v0,https://example.invalid/synthetic/DEMO-HK-I05/2025,124.3614,111.9253,92.898,122.496,1603.8,962.28,721.71,400.95,224.532,320.76,160.38,1282.0763,961.5572,51.2976,167.8879,12.8304,0,unqualified
DEMO-HK-I06,SYNTHETIC HK Industrials 6,HK,Industrials,HKD,1000000,consolidated,2023-01-01,2023-12-31,2024-04-20,0,DEMO-HK-I06-2023-v0,https://example.invalid/synthetic/DEMO-HK-I06/2023,95.92,86.328,73.0335,92.0832,1450.0,870.0,580.0,406.0,284.2,406.0,116.0,1090.0,837.12,36.8146,129.492,16.24,0,unqualified
DEMO-HK-I06,SYNTHETIC HK Industrials 6,HK,Industrials,HKD,1000000,consolidated,2024-01-01,2024-12-31,2025-04-20,0,DEMO-HK-I06-2024-v0,https://example.invalid/synthetic/DEMO-HK-I06/2024,114.5503,103.0953,87.2186,113.4048,1566.0,939.6,665.55,414.99,263.088,375.84,140.94,1218.62,923.714,50.7881,154.6429,15.0336,0,unqualified
DEMO-HK-I06,SYNTHETIC HK Industrials 6,HK,Industrials,HKD,1000000,consolidated,2025-01-01,2025-12-31,2026-04-20,0,DEMO-HK-I06-2025-v0,https://example.invalid/synthetic/DEMO-HK-I06/2025,136.2417,122.6175,103.7344,138.9666,1691.28,1014.768,761.076,422.82,236.7792,338.256,169.128,1362.4172,1019.088,48.136,183.9263,13.5302,0,unqualified
DEMO-HK-I07,SYNTHETIC HK Industrials 7,HK,Industrials,HKD,1000000,consolidated,2023-01-01,2023-12-31,2024-04-20,0,DEMO-HK-I07-2023-v0,https://example.invalid/synthetic/DEMO-HK-I07/2023,102.83,92.547,79.7755,102.3159,1525.0,915.0,610.0,427.0,298.9,427.0,122.0,1130.0,865.58,44.4544,138.8205,17.08,0,unqualified
DEMO-HK-I07,SYNTHETIC HK Industrials 7,HK,Industrials,HKD,1000000,consolidated,2024-01-01,2024-12-31,2025-04-20,0,DEMO-HK-I07-2024-v0,https://example.invalid/synthetic/DEMO-HK-I07/2024,123.9689,111.572,96.1751,127.0681,1647.0,988.2,699.975,436.455,276.696,395.28,148.23,1278.03,966.1907,45.1609,167.358,15.8112,0,unqualified
DEMO-HK-I07,SYNTHETIC HK Industrials 7,HK,Industrials,HKD,1000000,consolidated,2025-01-01,2025-12-31,2026-04-20,0,DEMO-HK-I07-2025-v0,https://example.invalid/synthetic/DEMO-HK-I07/2025,148.8815,133.9934,115.5023,157.07,1778.76,1067.256,800.442,444.69,249.0264,355.752,177.876,1445.4519,1078.3071,63.0329,200.9901,14.2301,0,unqualified
DEMO-HK-I08,SYNTHETIC HK Industrials 8,HK,Industrials,HKD,1000000,consolidated,2023-01-01,2023-12-31,2024-04-20,0,DEMO-HK-I08-2023-v0,https://example.invalid/synthetic/DEMO-HK-I08/2023,109.98,98.982,86.9062,113.2794,1600.0,960.0,640.0,448.0,313.6,448.0,128.0,1170.0,893.88,44.1145,148.473,17.92,0,unqualified
DEMO-HK-I08,SYNTHETIC HK Industrials 8,HK,Industrials,HKD,1000000,consolidated,2024-01-01,2024-12-31,2025-04-20,0,DEMO-HK-I08-2024-v0,https://example.invalid/synthetic/DEMO-HK-I08/2024,133.848,120.4632,105.7667,141.8789,1728.0,1036.8,734.4,457.92,290.304,414.72,155.52,1338.48,1009.2139,52.4661,180.6948,16.5888,0,unqualified
DEMO-HK-I08,SYNTHETIC HK Industrials 8,HK,Industrials,HKD,1000000,consolidated,2025-01-01,2025-12-31,2026-04-20,0,DEMO-HK-I08-2025-v0,https://example.invalid/synthetic/DEMO-HK-I08/2025,162.3094,146.0785,128.2569,176.9173,1866.24,1119.744,839.808,466.56,261.2736,373.248,186.624,1531.2211,1139.2285,63.2461,219.1177,14.9299,0,unqualified
DEMO-HK-I09,SYNTHETIC HK Industrials 9,HK,Industrials,HKD,1000000,consolidated,2023-01-01,2023-12-31,2024-04-20,0,DEMO-HK-I09-2023-v0,https://example.invalid/synthetic/DEMO-HK-I09/2023,117.37,105.633,94.4359,124.999,1675.0,1005.0,670.0,469.0,328.3,469.0,134.0,1210.0,922.02,44.1301,158.4495,18.76,0,unqualified
DEMO-HK-I09,SYNTHETIC HK Industrials 9,HK,Industrials,HKD,1000000,consolidated,2024-01-01,2024-12-31,2025-04-20,0,DEMO-HK-I09-2024-v0,https://example.invalid/synthetic/DEMO-HK-I09/2024,144.1969,129.7772,116.0208,157.8956,1809.0,1085.4,768.825,479.385,303.912,434.16,162.81,1399.97,1052.7774,50.8613,194.6658,17.3664,0,unqualified
DEMO-HK-I09,SYNTHETIC HK Industrials 9,HK,Industrials,HKD,1000000,consolidated,2025-01-01,2025-12-31,2026-04-20,0,DEMO-HK-I09-2025-v0,https://example.invalid/synthetic/DEMO-HK-I09/2025,176.5544,158.899,142.0557,198.6237,1953.72,1172.232,879.174,488.43,273.5208,390.744,195.372,1619.7653,1201.8658,78.7454,238.3485,15.6298,0,unqualified
DEMO-HK-I10,SYNTHETIC HK Industrials 10,HK,Industrials,HKD,1000000,consolidated,2023-01-01,2023-12-31,2024-04-20,0,DEMO-HK-I10-2023-v0,https://example.invalid/synthetic/DEMO-HK-I10/2023,125.0,112.5,102.375,137.5,1750.0,1050.0,700.0,490.0,343.0,490.0,140.0,1250.0,950.0,46.5587,168.75,19.6,0,unqualified
DEMO-HK-I10,SYNTHETIC HK Industrials 10,HK,Industrials,HKD,1000000,consolidated,2024-01-01,2024-12-31,2025-04-20,0,DEMO-HK-I10-2024-v0,https://example.invalid/synthetic/DEMO-HK-I10/2024,155.025,139.5225,126.9655,175.1783,1890.0,1134.0,803.25,500.85,317.52,453.6,170.1,1462.5,1096.875,67.1634,209.2838,18.144,0,unqualified
DEMO-HK-I10,SYNTHETIC HK Industrials 10,HK,Industrials,HKD,1000000,consolidated,2025-01-01,2025-12-31,2026-04-20,0,DEMO-HK-I10-2025-v0,https://example.invalid/synthetic/DEMO-HK-I10/2025,191.646,172.4814,156.9581,222.3094,2041.2,1224.72,918.54,510.3,285.768,408.24,204.12,1711.125,1266.2325,75.681,258.7221,16.3296,0,unqualified
DEMO-HK-I11,SYNTHETIC HK Industrials 11,HK,Industrials,HKD,1000000,consolidated,2023-01-01,2023-12-31,2024-04-20,0,DEMO-HK-I11-2023-v0,https://example.invalid/synthetic/DEMO-HK-I11/2023,132.87,119.583,110.7339,150.8075,1825.0,1095.0,730.0,511.0,357.7,511.0,146.0,1290.0,977.82,53.806,179.3745,20.44,0,unqualified
DEMO-HK-I11,SYNTHETIC HK Industrials 11,HK,Industrials,HKD,1000000,consolidated,2024-01-01,2024-12-31,2025-04-20,0,DEMO-HK-I11-2024-v0,https://example.invalid/synthetic/DEMO-HK-I11/2024,166.3416,149.7075,138.6291,193.788,1971.0,1182.6,837.675,522.315,331.128,473.04,177.39,1526.07,1141.5004,72.4235,224.5612,18.9216,0,unqualified
DEMO-HK-I11,SYNTHETIC HK Industrials 11,HK,Industrials,HKD,1000000,consolidated,2025-01-01,2025-12-31,2026-04-20,0,DEMO-HK-I11-2025-v0,https://example.invalid/synthetic/DEMO-HK-I11/2025,207.6142,186.8528,173.0257,248.099,2128.68,1277.208,957.906,532.17,298.0152,425.736,212.868,1805.3408,1332.3415,89.8097,280.2792,17.0294,0,unqualified
DEMO-HK-I12,SYNTHETIC HK Industrials 12,HK,Industrials,HKD,1000000,consolidated,2023-01-01,2023-12-31,2024-04-20,0,DEMO-HK-I12-2023-v0,https://example.invalid/synthetic/DEMO-HK-I12/2023,140.98,126.882,119.5228,164.9466,1900.0,1140.0,760.0,532.0,372.4,532.0,152.0,1330.0,1005.48,52.8613,190.323,21.28,0,unqualified
DEMO-HK-I12,SYNTHETIC HK Industrials 12,HK,Industrials,HKD,1000000,consolidated,2024-01-01,2024-12-31,2025-04-20,0,DEMO-HK-I12-2024-v0,https://example.invalid/synthetic/DEMO-HK-I12/2024,178.1562,160.3405,151.0408,213.7874,2052.0,1231.2,872.1,543.78,344.736,492.48,184.68,1590.68,1186.6473,79.3343,240.5108,19.6992,0,unqualified
DEMO-HK-I12,SYNTHETIC HK Industrials 12,HK,Industrials,HKD,1000000,consolidated,2025-01-01,2025-12-31,2026-04-20,0,DEMO-HK-I12-2025-v0,https://example.invalid/synthetic/DEMO-HK-I12/2025,224.4895,202.0405,190.3222,276.1221,2216.16,1329.696,997.272,554.04,310.2624,443.232,221.616,1902.4533,1400.2056,95.6274,303.0608,17.7293,0,unqualified
DEMO-HK-I13,SYNTHETIC HK Industrials 13,HK,Industrials,HKD,1000000,consolidated,2023-01-01,2023-12-31,2024-04-20,0,DEMO-HK-I13-2023-v0,https://example.invalid/synthetic/DEMO-HK-I13/2023,149.33,134.397,128.7523,179.9427,1975.0,1185.0,790.0,553.0,387.1,553.0,158.0,1370.0,1032.98,53.9986,201.5955,22.12,0,unqualified
DEMO-HK-I13,SYNTHETIC HK Industrials 13,HK,Industrials,HKD,1000000,consolidated,2024-01-01,2024-12-31,2025-04-20,0,DEMO-HK-I13-2024-v0,https://example.invalid/synthetic/DEMO-HK-I13/2024,190.478,171.4302,164.2301,235.2403,2133.0,1279.8,906.525,565.245,358.344,511.92,191.97,1656.33,1232.3095,69.6179,257.1452,20.4768,0,unqualified
DEMO-HK-I13,SYNTHETIC HK Industrials 13,HK,Industrials,HKD,1000000,consolidated,2025-01-01,2025-12-31,2026-04-20,0,DEMO-HK-I13-2025-v0,https://example.invalid/synthetic/DEMO-HK-I13/2025,242.3029,218.0726,208.9135,306.5131,2303.64,1382.184,1036.638,575.91,322.5096,460.728,230.364,2002.503,1469.8372,95.9376,327.1089,18.4291,0,unqualified
DEMO-MISSING,SYNTHETIC REVIEW MISSING,A,Consumer,CNY,1000000,consolidated,2023-01-01,2023-12-31,2024-04-20,0,DEMO-MISSING-2023-12-31,https://example.invalid/synthetic/DEMO-MISSING/annual,109.98,98.982,86.9062,113.2794,1600.0,960.0,640.0,448.0,313.6,448.0,128.0,1170.0,893.88,40.5924,148.473,17.92,0,unqualified
DEMO-MISSING,SYNTHETIC REVIEW MISSING,A,Consumer,CNY,1000000,consolidated,2024-01-01,2024-12-31,2025-04-20,0,DEMO-MISSING-2024-12-31,https://example.invalid/synthetic/DEMO-MISSING/annual,133.848,120.4632,105.7667,141.8789,1728.0,1036.8,734.4,457.92,290.304,414.72,155.52,1338.48,1009.2139,53.8842,180.6948,16.5888,0,unqualified
DEMO-MISSING,SYNTHETIC REVIEW MISSING,A,Consumer,CNY,1000000,consolidated,2025-01-01,2025-12-31,2026-04-20,0,DEMO-MISSING-2025-12-31,https://example.invalid/synthetic/DEMO-MISSING/annual,162.3094,146.0785,128.2569,,1866.24,1119.744,839.808,466.56,261.2736,373.248,186.624,1531.2211,1139.2285,61.2147,219.1177,14.9299,0,unqualified
DEMO-BANK,SYNTHETIC REVIEW BANK,A,Banks,CNY,1000000,consolidated,2023-01-01,2023-12-31,2024-04-20,0,DEMO-BANK-2023-12-31,https://example.invalid/synthetic/DEMO-BANK/annual,109.98,98.982,86.9062,113.2794,1600.0,960.0,640.0,448.0,313.6,448.0,128.0,1170.0,893.88,40.5924,148.473,17.92,0,unqualified
DEMO-BANK,SYNTHETIC REVIEW BANK,A,Banks,CNY,1000000,consolidated,2024-01-01,2024-12-31,2025-04-20,0,DEMO-BANK-2024-12-31,https://example.invalid/synthetic/DEMO-BANK/annual,133.848,120.4632,105.7667,141.8789,1728.0,1036.8,734.4,457.92,290.304,414.72,155.52,1338.48,1009.2139,53.8842,180.6948,16.5888,0,unqualified
DEMO-BANK,SYNTHETIC REVIEW BANK,A,Banks,CNY,1000000,consolidated,2025-01-01,2025-12-31,2026-04-20,0,DEMO-BANK-2025-12-31,https://example.invalid/synthetic/DEMO-BANK/annual,162.3094,146.0785,128.2569,176.9173,1866.24,1119.744,839.808,466.56,261.2736,373.248,186.624,1531.2211,1139.2285,61.2147,219.1177,14.9299,0,unqualified
DEMO-BADUNIT,SYNTHETIC REVIEW BADUNIT,A,Consumer,CNY,1000000,consolidated,2023-01-01,2023-12-31,2024-04-20,0,DEMO-BADUNIT-2023-12-31,https://example.invalid/synthetic/DEMO-BADUNIT/annual,109.98,98.982,86.9062,113.2794,1600.0,960.0,640.0,448.0,313.6,448.0,128.0,1170.0,893.88,40.5924,148.473,17.92,0,unqualified
DEMO-BADUNIT,SYNTHETIC REVIEW BADUNIT,A,Consumer,CNY,1000000,consolidated,2024-01-01,2024-12-31,2025-04-20,0,DEMO-BADUNIT-2024-12-31,https://example.invalid/synthetic/DEMO-BADUNIT/annual,133.848,120.4632,105.7667,141.8789,1728.0,1036.8,734.4,457.92,290.304,414.72,155.52,1338.48,1009.2139,53.8842,180.6948,16.5888,0,unqualified
DEMO-BADUNIT,SYNTHETIC REVIEW BADUNIT,A,Consumer,CNY,1000000,consolidated,2025-01-01,2025-12-31,2026-04-20,0,DEMO-BADUNIT-2025-12-31,https://example.invalid/synthetic/DEMO-BADUNIT/annual,162.3094,146.0785,128.2569,176.9173,1866.24,1119.744,839.808,466.56,261.2736,373.248,186.624,1531.2211,1139.2285,-10,219.1177,14.9299,0,unqualified
DEMO-FX,SYNTHETIC REVIEW FX,A,Consumer,CNY,1000000,consolidated,2023-01-01,2023-12-31,2024-04-20,0,DEMO-FX-2023-12-31,https://example.invalid/synthetic/DEMO-FX/annual,109.98,98.982,86.9062,113.2794,1600.0,960.0,640.0,448.0,313.6,448.0,128.0,1170.0,893.88,40.5924,148.473,17.92,0,unqualified
DEMO-FX,SYNTHETIC REVIEW FX,A,Consumer,CNY,1000000,consolidated,2024-01-01,2024-12-31,2025-04-20,0,DEMO-FX-2024-12-31,https://example.invalid/synthetic/DEMO-FX/annual,133.848,120.4632,105.7667,141.8789,1728.0,1036.8,734.4,457.92,290.304,414.72,155.52,1338.48,1009.2139,53.8842,180.6948,16.5888,0,unqualified
DEMO-FX,SYNTHETIC REVIEW FX,A,Consumer,CNY,1000000,consolidated,2025-01-01,2025-12-31,2026-04-20,0,DEMO-FX-2025-12-31,https://example.invalid/synthetic/DEMO-FX/annual,162.3094,146.0785,128.2569,176.9173,1866.24,1119.744,839.808,466.56,261.2736,373.248,186.624,1531.2211,1139.2285,61.2147,219.1177,14.9299,0,unqualified
DEMO-CONFLICT,SYNTHETIC REVIEW CONFLICT,A,Consumer,CNY,1000000,consolidated,2023-01-01,2023-12-31,2024-04-20,0,DEMO-CONFLICT-2023-12-31,https://example.invalid/synthetic/DEMO-CONFLICT/annual,109.98,98.982,86.9062,113.2794,1600.0,960.0,640.0,448.0,313.6,448.0,128.0,1170.0,893.88,40.5924,148.473,17.92,0,unqualified
DEMO-CONFLICT,SYNTHETIC REVIEW CONFLICT,A,Consumer,CNY,1000000,consolidated,2024-01-01,2024-12-31,2025-04-20,0,DEMO-CONFLICT-2024-12-31,https://example.invalid/synthetic/DEMO-CONFLICT/annual,133.848,120.4632,105.7667,141.8789,1728.0,1036.8,734.4,457.92,290.304,414.72,155.52,1338.48,1009.2139,53.8842,180.6948,16.5888,0,unqualified
DEMO-CONFLICT,SYNTHETIC REVIEW CONFLICT,A,Consumer,CNY,1000000,consolidated,2025-01-01,2025-12-31,2026-04-20,0,DEMO-CONFLICT-2025-12-31,https://example.invalid/synthetic/DEMO-CONFLICT/annual,162.3094,146.0785,128.2569,176.9173,1866.24,1119.744,839.808,466.56,261.2736,373.248,186.624,1531.2211,1139.2285,61.2147,219.1177,14.9299,0,unqualified
DEMO-CONFLICT,SYNTHETIC REVIEW CONFLICT,A,Consumer,CNY,1000000,consolidated,2025-01-01,2025-12-31,2026-04-20,0,DEMO-CONFLICT-2025-12-31,https://example.invalid/synthetic/DEMO-CONFLICT/annual,324.6188,146.0785,128.2569,176.9173,1866.24,1119.744,839.808,466.56,261.2736,373.248,186.624,1531.2211,1139.2285,61.2147,219.1177,14.9299,0,unqualified
DEMO-WEAK,SYNTHETIC REVIEW WEAK,A,Consumer,CNY,1000000,consolidated,2023-01-01,2023-12-31,2024-04-20,0,DEMO-WEAK-2023-12-31,https://example.invalid/synthetic/DEMO-WEAK/annual,109.98,98.982,86.9062,113.2794,1600.0,960.0,640.0,448.0,313.6,448.0,128.0,1170.0,893.88,40.5924,148.473,17.92,0,unqualified
DEMO-WEAK,SYNTHETIC REVIEW WEAK,A,Consumer,CNY,1000000,consolidated,2024-01-01,2024-12-31,2025-04-20,0,DEMO-WEAK-2024-12-31,https://example.invalid/synthetic/DEMO-WEAK/annual,133.848,120.4632,105.7667,141.8789,1728.0,1036.8,734.4,457.92,290.304,414.72,155.52,1338.48,1009.2139,53.8842,180.6948,16.5888,0,unqualified
DEMO-WEAK,SYNTHETIC REVIEW WEAK,A,Consumer,CNY,1000000,consolidated,2025-01-01,2025-12-31,2026-04-20,0,DEMO-WEAK-2025-12-31,https://example.invalid/synthetic/DEMO-WEAK/annual,162.3094,146.0785,128.2569,32.46188,1866.24,1119.744,839.808,466.56,261.2736,373.248,186.624,1531.2211,1139.2285,61.2147,219.1177,14.9299,0,unqualified
DEMO-A-C08,SYNTHETIC A Consumer 8,A,Consumer,CNY,1000000,consolidated,2025-01-01,2025-12-31,2026-11-01,1,DEMO-A-C08-2025-v0,https://example.invalid/synthetic/DEMO-A-C08/2025,999999,146.0785,128.2569,176.9173,1866.24,1119.744,839.808,466.56,261.2736,373.248,186.624,1531.2211,1139.2285,61.2147,219.1177,14.9299,0,unqualified
