ticker,snapshot_date,available_at,revision_id,market_cap,currency,unit_scale,cap_scope,fx_to_reporting,fx_date,fx_source_url,source_url
DEMO-A-C00,2026-10-08,2026-10-08,0,915.9588,CNY,1000000,total_company,,,,https://example.invalid/synthetic/DEMO-A-C00/valuation
DEMO-A-C01,2026-10-08,2026-10-08,0,1014.8779,CNY,1000000,total_company,,,,https://example.invalid/synthetic/DEMO-A-C01/valuation
DEMO-A-C02,2026-10-08,2026-10-08,0,1119.2463,CNY,1000000,total_company,,,,https://example.invalid/synthetic/DEMO-A-C02/valuation
DEMO-A-C03,2026-10-08,2026-10-08,0,1228.8982,CNY,1000000,total_company,,,,https://example.invalid/synthetic/DEMO-A-C03/valuation
DEMO-A-C04,2026-10-08,2026-10-08,0,1343.6199,CNY,1000000,total_company,,,,https://example.invalid/synthetic/DEMO-A-C04/valuation
DEMO-A-C05,2026-10-08,2026-10-08,0,1463.1435,CNY,1000000,total_company,,,,https://example.invalid/synthetic/DEMO-A-C05/valuation
DEMO-A-C06,2026-10-08,2026-10-08,0,1587.1363,CNY,1000000,total_company,,,,https://example.invalid/synthetic/DEMO-A-C06/valuation
DEMO-A-C07,2026-10-08,2026-10-08,0,1715.2092,CNY,1000000,total_company,,,,https://example.invalid/synthetic/DEMO-A-C07/valuation
DEMO-A-C08,2026-10-08,2026-10-08,0,1846.8994,CNY,1000000,total_company,,,,https://example.invalid/synthetic/DEMO-A-C08/valuation
DEMO-A-C09,2026-10-08,2026-10-08,0,1981.677,CNY,1000000,total_company,,,,https://example.invalid/synthetic/DEMO-A-C09/valuation
DEMO-A-C10,2026-10-08,2026-10-08,0,2118.9343,CNY,1000000,total_company,,,,https://example.invalid/synthetic/DEMO-A-C10/valuation
DEMO-A-C11,2026-10-08,2026-10-08,0,2257.9854,CNY,1000000,total_company,,,,https://example.invalid/synthetic/DEMO-A-C11/valuation
DEMO-A-C12,2026-10-08,2026-10-08,0,2398.0597,CNY,1000000,total_company,,,,https://example.invalid/synthetic/DEMO-A-C12/valuation
DEMO-A-C13,2026-10-08,2026-10-08,0,2538.299,CNY,1000000,total_company,,,,https://example.invalid/synthetic/DEMO-A-C13/valuation
DEMO-A-I00,2026-10-08,2026-10-08,0,915.9588,CNY,1000000,total_company,,,,https://example.invalid/synthetic/DEMO-A-I00/valuation
DEMO-A-I01,2026-10-08,2026-10-08,0,1014.8779,CNY,1000000,total_company,,,,https://example.invalid/synthetic/DEMO-A-I01/valuation
DEMO-A-I02,2026-10-08,2026-10-08,0,1119.2463,CNY,1000000,total_company,,,,https://example.invalid/synthetic/DEMO-A-I02/valuation
DEMO-A-I03,2026-10-08,2026-10-08,0,1228.8982,CNY,1000000,total_company,,,,https://example.invalid/synthetic/DEMO-A-I03/valuation
DEMO-A-I04,2026-10-08,2026-10-08,0,1343.6199,CNY,1000000,total_company,,,,https://example.invalid/synthetic/DEMO-A-I04/valuation
DEMO-A-I05,2026-10-08,2026-10-08,0,1463.1435,CNY,1000000,total_company,,,,https://example.invalid/synthetic/DEMO-A-I05/valuation
DEMO-A-I06,2026-10-08,2026-10-08,0,1587.1363,CNY,1000000,total_company,,,,https://example.invalid/synthetic/DEMO-A-I06/valuation
DEMO-A-I07,2026-10-08,2026-10-08,0,1715.2092,CNY,1000000,total_company,,,,https://example.invalid/synthetic/DEMO-A-I07/valuation
DEMO-A-I08,2026-10-08,2026-10-08,0,1846.8994,CNY,1000000,total_company,,,,https://example.invalid/synthetic/DEMO-A-I08/valuation
DEMO-A-I09,2026-10-08,2026-10-08,0,1981.677,CNY,1000000,total_company,,,,https://example.invalid/synthetic/DEMO-A-I09/valuation
DEMO-A-I10,2026-10-08,2026-10-08,0,2118.9343,CNY,1000000,total_company,,,,https://example.invalid/synthetic/DEMO-A-I10/valuation
DEMO-A-I11,2026-10-08,2026-10-08,0,2257.9854,CNY,1000000,total_company,,,,https://example.invalid/synthetic/DEMO-A-I11/valuation
DEMO-A-I12,2026-10-08,2026-10-08,0,2398.0597,CNY,1000000,total_company,,,,https://example.invalid/synthetic/DEMO-A-I12/valuation
DEMO-A-I13,2026-10-08,2026-10-08,0,2538.299,CNY,1000000,total_company,,,,https://example.invalid/synthetic/DEMO-A-I13/valuation
DEMO-HK-C00,2026-10-08,2026-10-08,0,915.9588,HKD,1000000,total_company,,,,https://example.invalid/synthetic/DEMO-HK-C00/valuation
DEMO-HK-C01,2026-10-08,2026-10-08,0,1014.8779,HKD,1000000,total_company,,,,https://example.invalid/synthetic/DEMO-HK-C01/valuation
DEMO-HK-C02,2026-10-08,2026-10-08,0,1119.2463,HKD,1000000,total_company,,,,https://example.invalid/synthetic/DEMO-HK-C02/valuation
DEMO-HK-C03,2026-10-08,2026-10-08,0,1228.8982,HKD,1000000,total_company,,,,https://example.invalid/synthetic/DEMO-HK-C03/valuation
DEMO-HK-C04,2026-10-08,2026-10-08,0,1343.6199,HKD,1000000,total_company,,,,https://example.invalid/synthetic/DEMO-HK-C04/valuation
DEMO-HK-C05,2026-10-08,2026-10-08,0,1463.1435,HKD,1000000,total_company,,,,https://example.invalid/synthetic/DEMO-HK-C05/valuation
DEMO-HK-C06,2026-10-08,2026-10-08,0,1587.1363,HKD,1000000,total_company,,,,https://example.invalid/synthetic/DEMO-HK-C06/valuation
DEMO-HK-C07,2026-10-08,2026-10-08,0,1715.2092,HKD,1000000,total_company,,,,https://example.invalid/synthetic/DEMO-HK-C07/valuation
DEMO-HK-C08,2026-10-08,2026-10-08,0,1846.8994,HKD,1000000,total_company,,,,https://example.invalid/synthetic/DEMO-HK-C08/valuation
DEMO-HK-C09,2026-10-08,2026-10-08,0,1981.677,HKD,1000000,total_company,,,,https://example.invalid/synthetic/DEMO-HK-C09/valuation
DEMO-HK-C10,2026-10-08,2026-10-08,0,2118.9343,HKD,1000000,total_company,,,,https://example.invalid/synthetic/DEMO-HK-C10/valuation
DEMO-HK-C11,2026-10-08,2026-10-08,0,2257.9854,HKD,1000000,total_company,,,,https://example.invalid/synthetic/DEMO-HK-C11/valuation
DEMO-HK-C12,2026-10-08,2026-10-08,0,2398.0597,HKD,1000000,total_company,,,,https://example.invalid/synthetic/DEMO-HK-C12/valuation
DEMO-HK-C13,2026-10-08,2026-10-08,0,2538.299,HKD,1000000,total_company,,,,https://example.invalid/synthetic/DEMO-HK-C13/valuation
DEMO-HK-I00,2026-10-08,2026-10-08,0,915.9588,HKD,1000000,total_company,,,,https://example.invalid/synthetic/DEMO-HK-I00/valuation
DEMO-HK-I01,2026-10-08,2026-10-08,0,1014.8779,HKD,1000000,total_company,,,,https://example.invalid/synthetic/DEMO-HK-I01/valuation
DEMO-HK-I02,2026-10-08,2026-10-08,0,1119.2463,HKD,1000000,total_company,,,,https://example.invalid/synthetic/DEMO-HK-I02/valuation
DEMO-HK-I03,2026-10-08,2026-10-08,0,1228.8982,HKD,1000000,total_company,,,,https://example.invalid/synthetic/DEMO-HK-I03/valuation
DEMO-HK-I04,2026-10-08,2026-10-08,0,1343.6199,HKD,1000000,total_company,,,,https://example.invalid/synthetic/DEMO-HK-I04/valuation
DEMO-HK-I05,2026-10-08,2026-10-08,0,1463.1435,HKD,1000000,total_company,,,,https://example.invalid/synthetic/DEMO-HK-I05/valuation
DEMO-HK-I06,2026-10-08,2026-10-08,0,1587.1363,HKD,1000000,total_company,,,,https://example.invalid/synthetic/DEMO-HK-I06/valuation
DEMO-HK-I07,2026-10-08,2026-10-08,0,1715.2092,HKD,1000000,total_company,,,,https://example.invalid/synthetic/DEMO-HK-I07/valuation
DEMO-HK-I08,2026-10-08,2026-10-08,0,1846.8994,HKD,1000000,total_company,,,,https://example.invalid/synthetic/DEMO-HK-I08/valuation
DEMO-HK-I09,2026-10-08,2026-10-08,0,1981.677,HKD,1000000,total_company,,,,https://example.invalid/synthetic/DEMO-HK-I09/valuation
DEMO-HK-I10,2026-10-08,2026-10-08,0,2118.9343,HKD,1000000,total_company,,,,https://example.invalid/synthetic/DEMO-HK-I10/valuation
DEMO-HK-I11,2026-10-08,2026-10-08,0,2257.9854,HKD,1000000,total_company,,,,https://example.invalid/synthetic/DEMO-HK-I11/valuation
DEMO-HK-I12,2026-10-08,2026-10-08,0,2398.0597,HKD,1000000,total_company,,,,https://example.invalid/synthetic/DEMO-HK-I12/valuation
DEMO-HK-I13,2026-10-08,2026-10-08,0,2538.299,HKD,1000000,total_company,,,,https://example.invalid/synthetic/DEMO-HK-I13/valuation
DEMO-MISSING,2026-10-08,2026-10-08,0,1846.8994,CNY,1000000,total_company,,,,https://example.invalid/synthetic/DEMO-A-C08/valuation
DEMO-BANK,2026-10-08,2026-10-08,0,1846.8994,CNY,1000000,total_company,,,,https://example.invalid/synthetic/DEMO-A-C08/valuation
DEMO-BADUNIT,2026-10-08,2026-10-08,0,1846.8994,CNY,1000000,total_company,,,,https://example.invalid/synthetic/DEMO-A-C08/valuation
DEMO-FX,2026-10-08,2026-10-08,0,1846.8994,HKD,1000000,total_company,,,,https://example.invalid/synthetic/DEMO-A-C08/valuation
DEMO-CONFLICT,2026-10-08,2026-10-08,0,1846.8994,CNY,1000000,total_company,,,,https://example.invalid/synthetic/DEMO-A-C08/valuation
DEMO-WEAK,2026-10-08,2026-10-08,0,1846.8994,CNY,1000000,total_company,,,,https://example.invalid/synthetic/DEMO-A-C08/valuation
